comment-id,comment-body,source,age
1,駅前の駐輪場が少なすぎて、通勤のたびに困っています。増設してほしいです。,サンプル(架空),30
2,子育て世代への支援金より、保育園の数を増やすほうが先だと思います。,サンプル(架空),35
3,商店街の空き店舗が増えていて寂しい。若い人が出店しやすい補助があるといい。,サンプル(架空),42
4,バスの本数が夕方に減るのが不便。高齢の母が病院帰りに長く待っています。,サンプル(架空),55
5,公園のトイレが古くて使いにくい。子ども連れだと特に困ります。,サンプル(架空),33
6,道路の街灯が暗い場所があり、夜の帰宅が不安です。,サンプル(架空),24
7,ごみの分別ルールが複雑すぎるので、アプリで確認できるようにしてほしい。,サンプル(架空),29
8,図書館の開館時間を平日夜まで延ばしてほしい。仕事帰りに寄れません。,サンプル(架空),38
9,災害時の避難所がどこか、外国人住民に伝わっていないと感じます。多言語の案内が必要です。,サンプル(架空),45
10,自治会の回覧板を電子化してほしい。紙だと回すのに時間がかかります。,サンプル(架空),50
11,小学校の通学路に信号がない交差点があり、危険だと感じています。,サンプル(架空),36
12,市の手続きがオンラインでできるようになったのは良いが、高齢者への説明会もセットでやるべき。,サンプル(架空),62
13,野良猫が増えている地域があります。地域猫活動への支援を検討してほしい。,サンプル(架空),47
14,中学生の部活動の顧問の負担が大きいと聞きます。外部指導者の活用を進めてほしい。,サンプル(架空),41
15,駅のエレベーターが片側にしかなく、ベビーカーだと遠回りになります。,サンプル(架空),31
16,商業施設ばかり増えて、静かに過ごせる緑地が減っているのが残念です。,サンプル(架空),58
17,市民プールの老朽化が進んでいます。改修の予定を知りたいです。,サンプル(架空),44
18,粗大ごみの収集予約が電話のみで不便。ネット予約に対応してほしい。,サンプル(架空),27
19,地元の祭りの担い手が足りません。若い世代が参加しやすい仕組みがほしい。,サンプル(架空),52
20,通学路の落ち葉や雑草の管理が行き届いていない場所があります。,サンプル(架空),39
21,防災無線が聞き取りにくい。スマホへの通知も併用してほしい。,サンプル(架空),48
22,子どもの医療費助成の対象年齢を引き上げてほしいです。,サンプル(架空),34
23,自転車のマナーが悪く、歩道で怖い思いをすることがあります。啓発を強化してほしい。,サンプル(架空),66
24,公民館の予約が取りにくい。稼働状況をネットで見られるようにしてほしい。,サンプル(架空),49
25,街路樹の剪定が強すぎて夏の日陰がなくなりました。計画的な管理をお願いします。,サンプル(架空),57
26,認可保育園に入れず、職場復帰を延期しました。待機児童対策を最優先にしてほしい。,サンプル(架空),32
27,期日前投票所を駅前にも設けてほしい。仕事があると投票所まで行きにくいです。,サンプル(架空),40
28,高齢者の免許返納後の移動手段が課題です。デマンドタクシーの実証をしてほしい。,サンプル(架空),63
29,市のホームページが探しにくい。検索でたどり着けないことが多いです。,サンプル(架空),37
30,空き家が放置されて危険な場所があります。所有者への働きかけを強めてほしい。,サンプル(架空),53
31,学校のトイレの洋式化がまだ終わっていないと聞きました。早く進めてほしい。,サンプル(架空),43
32,河川敷のグラウンドの予約制度が分かりにくいです。,サンプル(架空),28
33,子ども食堂を運営していますが、会場の確保に苦労しています。公共施設を借りやすくしてほしい。,サンプル(架空),46
34,外国人観光客が増えたのは良いが、ごみのポイ捨ても増えた気がします。,サンプル(架空),51
35,保健師さんの新生児訪問がとても助かりました。こういう支援をもっと知らせてほしい。,サンプル(架空),30
36,道路の補修依頼をしてから対応まで時間がかかりすぎます。進捗が見えるといいです。,サンプル(架空),59
37,中心部ばかり開発されて、郊外の生活道路の整備が後回しになっていませんか。,サンプル(架空),61
38,若者向けの就職支援イベントを地元企業と一緒にもっと開いてほしい。,サンプル(架空),22
39,騒音の苦情窓口がどこか分かりません。相談先を一覧にしてほしい。,サンプル(架空),35
40,つまずきやすい歩道の段差を直してほしい。車椅子だと通れない場所があります。,サンプル(架空),68
41,図書館に自習席を増やしてほしい。試験前は席が取れません。,サンプル(架空),17
42,市民税の使い道をもっと分かりやすく公開してほしいです。,サンプル(架空),54
43,休日の小児救急がどこにかかればいいか分かりにくい。案内を整理してほしい。,サンプル(架空),33
44,街なかにベンチが少なく、高齢者が休憩できる場所がありません。,サンプル(架空),70
45,プレーパークのような外遊びの場を増やしてほしいです。,サンプル(架空),36
46,行政のイベント情報がSNSで流れてこない。若い世代に届く発信をしてほしい。,サンプル(架空),25
47,地震対策として、ブロック塀の点検補助をもっと周知してほしい。,サンプル(架空),56
48,窓口の待ち時間が長い。番号札の状況をスマホで見られると助かります。,サンプル(架空),39
